basic word,probability,word form Word2Vec
ensino,0.011,ensino
ensino,0.007656321048736572,Ensino
ensino,0.007370855808258056,educacional
ensino,0.007227769136428833,educação
ensino,0.006646948158740997,escolas
ensino,0.00648672866821289,escolar
ensino,0.006373023688793182,pedagógico
ensino,0.006305559158325195,aprendizagem
ensino,0.006253053307533264,educacionais
ensino,0.006114240825176239,educativo
ensino,0.006112848877906799,escola
ensino,0.006067940711975097,curso
ensino,0.006038167595863342,universitário
ensino,0.0060317422151565546,pedagogia
ensino,0.0059160997867584225,alfabetização
ensino,0.005844321727752685,médio
ensino,0.005800989747047424,instituições
ensino,0.0057789808511734,pós-graduação
ensino,0.0057743401527404785,aprendizado
ensino,0.005767400085926056,professores
ensino,0.00573505288362503,docente
ensino,0.005717642724514007,colégio
ensino,0.005698698997497558,alunos
ensino,0.005694742798805236,ciências
ensino,0.005638800680637359,fundamental
ensino,0.005599955320358276,curricular
ensino,0.0055944032669067376,secundário
ensino,0.005591181397438049,estudantes
ensino,0.005570241212844849,didático
ensino,0.005567179977893829,aluno
ensino,0.005557008206844329,acadêmico
ensino,0.0055469472408294675,universidades
ensino,0.005539294481277465,pedagógica
ensino,0.005527020037174224,escolares
ensino,0.0055262562036514275,estudante
ensino,0.005501792550086974,superior
ensino,0.005500699579715728,cursos
ensino,0.005493929982185363,docentes
ensino,0.00546835434436798,professor
ensino,0.005452814102172851,matemática
ensino,0.0054429672062397,licenciatura
ensino,0.005375941634178161,pedagógicas
ensino,0.00536201199889183,disciplinas
ensino,0.005313242375850677,primário
ensino,0.005301780939102173,letivo
ensino,0.0052987695336341855,aulas
ensino,0.005263754159212112,universidade
ensino,0.0052514302134513855,graduação
ensino,0.005242492377758026,escolaridade
ensino,0.00521771565079689,instituição
bolsa,0.011,bolsa
bolsa,0.00835349977016449,bolsas
bolsa,0.007785780668258666,Bolsa
bolsa,0.006508105516433715,mochila
bolsa,0.00639547711610794,carteira
bolsa,0.006195603847503662,Bolsas
bolsa,0.006018560349941253,mala
bolsa,0.005632684767246246,alça
bolsa,0.005401698887348175,carteiras
bolsa,0.005147898972034454,blusa
prouni,0.011,prouni
bolsas,0.011,bolsas
bolsas,0.008446309149265288,Bolsas
bolsas,0.008353500425815582,bolsa
bolsas,0.006523957848548889,carteiras
bolsas,0.005877931058406829,Bolsa
bolsas,0.005809604346752166,malas
bolsas,0.005533551633358002,roupas
bolsas,0.005444152623414993,almofadas
bolsas,0.005304257005453109,jóias
bolsas,0.0052687269449234,pulseiras
bolsas,0.005254478335380554,sandálias
bolsas,0.005236943930387497,universidades
bolsas,0.005166023463010787,moedas
bolsas,0.005144132584333419,sapatos
bolsas,0.005097487926483154,caixas
bolsas,0.005028559327125549,joias
bolsas,0.004963231235742569,estampas
bolsas,0.004961630463600158,sacos
beneficiários,0.011000001311302184,beneficiários
beneficiários,0.007479013323783874,beneficiados
beneficiários,0.006384655594825745,contribuintes
beneficiários,0.005965590298175811,dependentes
beneficiários,0.005946466267108917,aposentados
beneficiários,0.005897255063056946,desempregados
beneficiários,0.005820432424545287,trabalhadores
beneficiários,0.005712364077568054,agricultores
beneficiários,0.0056569681167602534,participantes
beneficiários,0.005622382521629333,gestores
beneficiários,0.005611737370491028,cidadãos
beneficiários,0.0055883489847183224,benefícios
beneficiários,0.00557854700088501,vinculados
beneficiários,0.005539926528930664,rendimentos
beneficiários,0.005500209808349609,empregados
beneficiários,0.005442535459995269,familiares
beneficiários,0.00544000169634819,municípios
beneficiários,0.005430037766695022,excluídos
beneficiários,0.005405927181243896,consumidores
beneficiários,0.005358276098966598,famílias
beneficiários,0.005335885286331176,privados
beneficiários,0.005328444957733154,vítimas
beneficiários,0.00532599937915802,potenciais
beneficiários,0.005321693062782287,beneficiar
beneficiários,0.0053211390376091,atendidos
beneficiários,0.00531840693950653,financiamentos
beneficiários,0.0052836121916770935,eleitores
beneficiários,0.005282797217369079,titulares
beneficiários,0.005258533209562302,funcionários
beneficiários,0.005250323802232742,indivíduos
beneficiários,0.005243357837200165,empresários
beneficiários,0.005240809977054596,residentes
beneficiários,0.0052375271320343015,contratados
beneficiários,0.005187725841999054,políticos
beneficiários,0.005180578589439392,herdeiros
beneficiários,0.00516951185464859,portadores
beneficiários,0.005162184298038482,benefício
beneficiários,0.005154597103595733,pagamentos
beneficiários,0.005121588349342346,pagos
beneficiários,0.005120525538921356,idosos
beneficiários,0.0051145519018173215,empreendedores
beneficiários,0.00507973027229309,parentes
beneficiários,0.005076970636844634,representantes
beneficiários,0.005055013537406921,empreendimentos
beneficiários,0.00505419659614563,clientes
beneficiários,0.005049938797950744,cadastrados
beneficiários,0.005047396838665008,concedidos
beneficiários,0.00504577213525772,agentes
beneficiários,0.005031625151634216,subsídios
beneficiários,0.005027167379856109,usuários
médio,0.011000001311302184,médio
médio,0.0072681913375854485,Médio
médio,0.006293395519256591,superior
médio,0.006088612079620361,porte
médio,0.005947992622852325,curto
médio,0.0058443210721015925,ensino
médio,0.005840492725372314,nível
médio,0.005641720294952393,prazo
médio,0.005625206410884857,intermediário
médio,0.005530171751976013,aproximado
médio,0.005402876108884811,médios
médio,0.0053915480971336366,básico
médio,0.005385708540678024,secundário
médio,0.005346530765295028,primário
médio,0.005275856167078018,mínimo
médio,0.005248779416084289,alto
médio,0.00523845225572586,fundamental
médio,0.005164798706769943,longo
médio,0.005121280193328857,rendimento
modalidade,0.011,modalidade
modalidade,0.008079821169376373,modalidades
modalidade,0.006024092078208923,competição
modalidade,0.0060144330263137815,prática
modalidade,0.005630680441856384,vertente
modalidade,0.0055617354512214655,desportiva
modalidade,0.0055114634037017815,pratica
modalidade,0.0055025478601455685,esporte
modalidade,0.005473009794950485,atividade
modalidade,0.005305682063102722,natação
modalidade,0.00527250611782074,esportiva
modalidade,0.005256972104310989,presencial
modalidade,0.005114663034677505,técnica
modalidade,0.0051123062968254085,metodologia
modalidade,0.0050618588626384735,atletismo
modalidade,0.005033953368663788,forma
modalidade,0.005029730319976806,categoria
modalidade,0.005018350839614868,etapa
modalidade,0.004960357844829559,praticada
modalidade,0.004954795300960541,praticantes
instituição,0.011,instituição
instituição,0.008782791256904602,Instituição
instituição,0.007591267347335815,entidade
instituição,0.007478601574897765,universidade
instituição,0.006801513314247131,organização
instituição,0.006597785472869873,escola
instituição,0.006597276031970977,fundação
instituição,0.006564021408557891,instituições
instituição,0.006467278122901916,corporação
instituição,0.006353251218795776,institucional
instituição,0.006086127161979675,universitária
instituição,0.006051815629005431,sociedade
instituição,0.005935528039932251,comunidade
instituição,0.0059260669946670525,acadêmica
instituição,0.005913403749465942,empresa
instituição,0.00591011106967926,administração
instituição,0.005904526233673095,unidade
instituição,0.005880440235137939,diretoria
instituição,0.0058609811663627625,igreja
instituição,0.005790517687797546,constituição
instituição,0.0057637100815773005,financeira
instituição,0.005763579607009887,governamental
instituição,0.005711762189865112,Entidade
instituição,0.005672102510929107,educacional
instituição,0.005626353144645691,secretaria
instituição,0.005623969197273254,autarquia
instituição,0.0056231548786163325,agência
instituição,0.005612894594669342,pública
instituição,0.005594584226608276,associação
instituição,0.0055830362439155574,administrativa
instituição,0.005576920986175537,instituto
instituição,0.005565475285053253,Fundação
instituição,0.005542205572128296,congregação
instituição,0.005522488832473755,bancária
instituição,0.00550628638267517,vinculada
instituição,0.005501200497150421,disciplina
instituição,0.00548004525899887,cooperativa
instituição,0.005416955232620239,jurídica
instituição,0.005411356627941131,estrutura
instituição,0.005398250818252563,Igreja
instituição,0.005397002458572387,pedagógica
instituição,0.005393544554710388,estatal
instituição,0.00535843214392662,privada
instituição,0.00534733885526657,educação
instituição,0.005338803589344025,própria
instituição,0.005336832702159881,católica
instituição,0.005314581543207168,religiosa
instituição,0.005308770179748535,diretora
instituição,0.005305130332708358,biblioteca
instituição,0.00528921177983284,faculdade
programa,0.011,programa
programa,0.008655659198760986,Programa
programa,0.0076026166677474975,programas
programa,0.006626395463943481,apresentador
programa,0.006577061653137207,projeto
programa,0.005727294564247131,Programas
programa,0.0055876303911209105,sistema
programa,0.005486834853887557,seriado
programa,0.005456453621387481,projecto
programa,0.005446271032094955,pacote
programa,0.005420540004968643,apresentadora
programa,0.0054189438223838805,aplicativo
programa,0.0054030701816082,curso
programa,0.005393629789352416,plano
programa,0.005327394604682922,programação
programa,0.005321438670158386,quadro
programa,0.005299654990434647,canal
programa,0.005245875537395477,reality
programa,0.005217481255531311,Projeto
programa,0.0052146314680576325,PROGRAMA
programa,0.0051167473495006555,educativo
programa,0.005060127288103103,procedimento
programa,0.00501306465268135,processo
programa,0.005004846394062042,documentário
programa,0.004968445301055908,software
perfil,0.011,perfil
perfil,0.007153026223182678,perfis
perfil,0.0067907475233078,Perfil
perfil,0.005843868017196655,comportamento
perfil,0.005579631447792053,posicionamento
perfil,0.0054115080833435055,padrão
perfil,0.0052419849038124085,estilo
perfil,0.0051122125387191766,currículo
perfil,0.005093310445547104,conteúdo
perfil,0.005066779851913452,quadro
perfil,0.0050643978714942925,portfólio
perfil,0.005004131734371185,traçado
perfil,0.005002639144659042,modelo
perfil,0.004982075959444046,panorama
perfil,0.0049639206528663635,específico
ensino,0.011,ensino
ensino,0.007656321048736572,Ensino
ensino,0.007370855808258056,educacional
ensino,0.007227769136428833,educação
ensino,0.006646948158740997,escolas
ensino,0.00648672866821289,escolar
ensino,0.006373023688793182,pedagógico
ensino,0.006305559158325195,aprendizagem
ensino,0.006253053307533264,educacionais
ensino,0.006114240825176239,educativo
ensino,0.006112848877906799,escola
ensino,0.006067940711975097,curso
ensino,0.006038167595863342,universitário
ensino,0.0060317422151565546,pedagogia
ensino,0.0059160997867584225,alfabetização
ensino,0.005844321727752685,médio
ensino,0.005800989747047424,instituições
ensino,0.0057789808511734,pós-graduação
ensino,0.0057743401527404785,aprendizado
ensino,0.005767400085926056,professores
ensino,0.00573505288362503,docente
ensino,0.005717642724514007,colégio
ensino,0.005698698997497558,alunos
ensino,0.005694742798805236,ciências
ensino,0.005638800680637359,fundamental
ensino,0.005599955320358276,curricular
ensino,0.0055944032669067376,secundário
ensino,0.005591181397438049,estudantes
ensino,0.005570241212844849,didático
ensino,0.005567179977893829,aluno
ensino,0.005557008206844329,acadêmico
ensino,0.0055469472408294675,universidades
ensino,0.005539294481277465,pedagógica
ensino,0.005527020037174224,escolares
ensino,0.0055262562036514275,estudante
ensino,0.005501792550086974,superior
ensino,0.005500699579715728,cursos
ensino,0.005493929982185363,docentes
ensino,0.00546835434436798,professor
ensino,0.005452814102172851,matemática
ensino,0.0054429672062397,licenciatura
ensino,0.005375941634178161,pedagógicas
ensino,0.00536201199889183,disciplinas
ensino,0.005313242375850677,primário
ensino,0.005301780939102173,letivo
ensino,0.0052987695336341855,aulas
ensino,0.005263754159212112,universidade
ensino,0.0052514302134513855,graduação
ensino,0.005242492377758026,escolaridade
ensino,0.00521771565079689,instituição
prouni,0.011,prouni
bolsas,0.011,bolsas
bolsas,0.008446309149265288,Bolsas
bolsas,0.008353500425815582,bolsa
bolsas,0.006523957848548889,carteiras
bolsas,0.005877931058406829,Bolsa
bolsas,0.005809604346752166,malas
bolsas,0.005533551633358002,roupas
bolsas,0.005444152623414993,almofadas
bolsas,0.005304257005453109,jóias
bolsas,0.0052687269449234,pulseiras
bolsas,0.005254478335380554,sandálias
bolsas,0.005236943930387497,universidades
bolsas,0.005166023463010787,moedas
bolsas,0.005144132584333419,sapatos
bolsas,0.005097487926483154,caixas
bolsas,0.005028559327125549,joias
bolsas,0.004963231235742569,estampas
bolsas,0.004961630463600158,sacos
bolsa,0.011,bolsa
bolsa,0.00835349977016449,bolsas
bolsa,0.007785780668258666,Bolsa
bolsa,0.006508105516433715,mochila
bolsa,0.00639547711610794,carteira
bolsa,0.006195603847503662,Bolsas
bolsa,0.006018560349941253,mala
bolsa,0.005632684767246246,alça
bolsa,0.005401698887348175,carteiras
bolsa,0.005147898972034454,blusa
superior,0.010999999344348907,superior
superior,0.009467124462127685,inferior
superior,0.007189717769622802,superiores
superior,0.0064998285770416254,igual
superior,0.006293396830558777,médio
superior,0.006271152555942535,inferiores
superior,0.00625190395116806,equivalente
superior,0.005937464833259582,Superior
superior,0.005866279482841491,nível
superior,0.005561203718185424,elevado
superior,0.005515047192573547,acima
superior,0.005501792550086974,ensino
superior,0.005417494833469391,mínimo
superior,0.005406900167465209,elevada
superior,0.005376249134540557,menor
superior,0.005238017231225967,frontal
superior,0.005224425911903381,correspondente
superior,0.005170146197080612,semelhante
superior,0.00511002430319786,dobro
superior,0.005092676758766174,similar
superior,0.005069940418004989,intermediário
superior,0.005037998080253601,alto
superior,0.005010929524898529,baixo
superior,0.004999370396137237,graduação
superior,0.004983075827360153,mínima
superior,0.004959399938583374,exigido
perfil,0.011,perfil
perfil,0.007153026223182678,perfis
perfil,0.0067907475233078,Perfil
perfil,0.005843868017196655,comportamento
perfil,0.005579631447792053,posicionamento
perfil,0.0054115080833435055,padrão
perfil,0.0052419849038124085,estilo
perfil,0.0051122125387191766,currículo
perfil,0.005093310445547104,conteúdo
perfil,0.005066779851913452,quadro
perfil,0.0050643978714942925,portfólio
perfil,0.005004131734371185,traçado
perfil,0.005002639144659042,modelo
perfil,0.004982075959444046,panorama
perfil,0.0049639206528663635,específico
beneficiários,0.011000001311302184,beneficiários
beneficiários,0.007479013323783874,beneficiados
beneficiários,0.006384655594825745,contribuintes
beneficiários,0.005965590298175811,dependentes
beneficiários,0.005946466267108917,aposentados
beneficiários,0.005897255063056946,desempregados
beneficiários,0.005820432424545287,trabalhadores
beneficiários,0.005712364077568054,agricultores
beneficiários,0.0056569681167602534,participantes
beneficiários,0.005622382521629333,gestores
beneficiários,0.005611737370491028,cidadãos
beneficiários,0.0055883489847183224,benefícios
beneficiários,0.00557854700088501,vinculados
beneficiários,0.005539926528930664,rendimentos
beneficiários,0.005500209808349609,empregados
beneficiários,0.005442535459995269,familiares
beneficiários,0.00544000169634819,municípios
beneficiários,0.005430037766695022,excluídos
beneficiários,0.005405927181243896,consumidores
beneficiários,0.005358276098966598,famílias
beneficiários,0.005335885286331176,privados
beneficiários,0.005328444957733154,vítimas
beneficiários,0.00532599937915802,potenciais
beneficiários,0.005321693062782287,beneficiar
beneficiários,0.0053211390376091,atendidos
beneficiários,0.00531840693950653,financiamentos
beneficiários,0.0052836121916770935,eleitores
beneficiários,0.005282797217369079,titulares
beneficiários,0.005258533209562302,funcionários
beneficiários,0.005250323802232742,indivíduos
beneficiários,0.005243357837200165,empresários
beneficiários,0.005240809977054596,residentes
beneficiários,0.0052375271320343015,contratados
beneficiários,0.005187725841999054,políticos
beneficiários,0.005180578589439392,herdeiros
beneficiários,0.00516951185464859,portadores
beneficiários,0.005162184298038482,benefício
beneficiários,0.005154597103595733,pagamentos
beneficiários,0.005121588349342346,pagos
beneficiários,0.005120525538921356,idosos
beneficiários,0.0051145519018173215,empreendedores
beneficiários,0.00507973027229309,parentes
beneficiários,0.005076970636844634,representantes
beneficiários,0.005055013537406921,empreendimentos
beneficiários,0.00505419659614563,clientes
beneficiários,0.005049938797950744,cadastrados
beneficiários,0.005047396838665008,concedidos
beneficiários,0.00504577213525772,agentes
beneficiários,0.005031625151634216,subsídios
beneficiários,0.005027167379856109,usuários
programa,0.011,programa
programa,0.008655659198760986,Programa
programa,0.0076026166677474975,programas
programa,0.006626395463943481,apresentador
programa,0.006577061653137207,projeto
programa,0.005727294564247131,Programas
programa,0.0055876303911209105,sistema
programa,0.005486834853887557,seriado
programa,0.005456453621387481,projecto
programa,0.005446271032094955,pacote
programa,0.005420540004968643,apresentadora
programa,0.0054189438223838805,aplicativo
programa,0.0054030701816082,curso
programa,0.005393629789352416,plano
programa,0.005327394604682922,programação
programa,0.005321438670158386,quadro
programa,0.005299654990434647,canal
programa,0.005245875537395477,reality
programa,0.005217481255531311,Projeto
programa,0.0052146314680576325,PROGRAMA
programa,0.0051167473495006555,educativo
programa,0.005060127288103103,procedimento
programa,0.00501306465268135,processo
programa,0.005004846394062042,documentário
programa,0.004968445301055908,software
instituições,0.011,instituições
instituições,0.008845186948776245,Instituições
instituições,0.00825683581829071,universidades
instituições,0.00825633293390274,entidades
instituições,0.007901243448257446,organizações
instituições,0.007584792137145996,empresas
instituições,0.007359943151473999,escolas
instituições,0.007179470598697662,associações
instituições,0.007001121044158935,agências
instituições,0.006986779332160949,sociedades
instituições,0.0069850851297378535,autoridades
instituições,0.006942269802093505,comunidades
instituições,0.0069281431436538695,corporações
instituições,0.006919946849346161,ONGs
instituições,0.006902820587158203,Universidades
instituições,0.006840651750564575,públicas
instituições,0.006820976972579955,privadas
instituições,0.006773668467998505,estatais
instituições,0.006742474555969238,faculdades
instituições,0.00673793089389801,governamentais
instituições,0.006564021408557891,instituição
instituições,0.006415603637695312,bibliotecas
instituições,0.006397860407829284,instâncias
instituições,0.0063915569782257075,financeiras
instituições,0.0063576014637947076,pessoas
instituições,0.006334416329860687,institucionais
instituições,0.0063001526594161986,estruturas
instituições,0.006278675496578216,igrejas
instituições,0.006274199366569519,políticas
instituições,0.006244160056114196,institutos
instituições,0.006235093712806701,indústrias
instituições,0.006230342864990234,companhias
instituições,0.006203385114669799,fundações
instituições,0.006202094793319702,educacionais
instituições,0.006161999106407165,prefeituras
instituições,0.00616170996427536,cooperativas
instituições,0.0060866641402244565,iniciativas
instituições,0.006063109219074249,jurídicas
instituições,0.006050522685050964,personalidades
instituições,0.006046592712402344,Entidades
instituições,0.006030053913593292,famílias
instituições,0.0060194461345672605,lideranças
instituições,0.005998390555381775,governos
instituições,0.005971857666969299,Escolas
instituições,0.005963696122169494,unidades
instituições,0.005954011499881744,relações
instituições,0.005947149455547332,Igrejas
instituições,0.005928945302963257,parcerias
instituições,0.005899818658828735,bancárias
instituições,0.0058767482638359065,secretarias
rede,0.010999999344348907,rede
rede,0.0077435062527656555,redes
rede,0.007136834263801574,Rede
rede,0.0062050701379776,internet
rede,0.00588594901561737,infra-estrutura
rede,0.005810320973396301,infraestrutura
rede,0.005763097047805785,conexão
rede,0.005655288994312286,malha
rede,0.005443874299526214,telefonia
rede,0.005426808685064315,pública
rede,0.005405680656433105,plataforma
rede,0.005405616402626037,computadores
rede,0.005365485966205597,wireless
rede,0.005333317428827285,Internet
rede,0.00528908360004425,comunicação
rede,0.0051684490442276,corporativa
rede,0.005164323687553406,comunidade
rede,0.005114369630813598,instituição
rede,0.0050949790775775905,distribuição
rede,0.005085367888212204,operadora
rede,0.005077404677867889,social
rede,0.00507586258649826,Redes
rede,0.0050436356961727135,privada
rede,0.005006595015525818,REDE
rede,0.004987406730651855,unidade
rede,0.004961256086826325,mídia
ensino,0.011,ensino
ensino,0.007656321048736572,Ensino
ensino,0.007370855808258056,educacional
ensino,0.007227769136428833,educação
ensino,0.006646948158740997,escolas
ensino,0.00648672866821289,escolar
ensino,0.006373023688793182,pedagógico
ensino,0.006305559158325195,aprendizagem
ensino,0.006253053307533264,educacionais
ensino,0.006114240825176239,educativo
ensino,0.006112848877906799,escola
ensino,0.006067940711975097,curso
ensino,0.006038167595863342,universitário
ensino,0.0060317422151565546,pedagogia
ensino,0.0059160997867584225,alfabetização
ensino,0.005844321727752685,médio
ensino,0.005800989747047424,instituições
ensino,0.0057789808511734,pós-graduação
ensino,0.0057743401527404785,aprendizado
ensino,0.005767400085926056,professores
ensino,0.00573505288362503,docente
ensino,0.005717642724514007,colégio
ensino,0.005698698997497558,alunos
ensino,0.005694742798805236,ciências
ensino,0.005638800680637359,fundamental
ensino,0.005599955320358276,curricular
ensino,0.0055944032669067376,secundário
ensino,0.005591181397438049,estudantes
ensino,0.005570241212844849,didático
ensino,0.005567179977893829,aluno
ensino,0.005557008206844329,acadêmico
ensino,0.0055469472408294675,universidades
ensino,0.005539294481277465,pedagógica
ensino,0.005527020037174224,escolares
ensino,0.0055262562036514275,estudante
ensino,0.005501792550086974,superior
ensino,0.005500699579715728,cursos
ensino,0.005493929982185363,docentes
ensino,0.00546835434436798,professor
ensino,0.005452814102172851,matemática
ensino,0.0054429672062397,licenciatura
ensino,0.005375941634178161,pedagógicas
ensino,0.00536201199889183,disciplinas
ensino,0.005313242375850677,primário
ensino,0.005301780939102173,letivo
ensino,0.0052987695336341855,aulas
ensino,0.005263754159212112,universidade
ensino,0.0052514302134513855,graduação
ensino,0.005242492377758026,escolaridade
ensino,0.00521771565079689,instituição
bolsa,0.011,bolsa
bolsa,0.00835349977016449,bolsas
bolsa,0.007785780668258666,Bolsa
bolsa,0.006508105516433715,mochila
bolsa,0.00639547711610794,carteira
bolsa,0.006195603847503662,Bolsas
bolsa,0.006018560349941253,mala
bolsa,0.005632684767246246,alça
bolsa,0.005401698887348175,carteiras
bolsa,0.005147898972034454,blusa
prouni,0.011,prouni
bolsas,0.011,bolsas
bolsas,0.008446309149265288,Bolsas
bolsas,0.008353500425815582,bolsa
bolsas,0.006523957848548889,carteiras
bolsas,0.005877931058406829,Bolsa
bolsas,0.005809604346752166,malas
bolsas,0.005533551633358002,roupas
bolsas,0.005444152623414993,almofadas
bolsas,0.005304257005453109,jóias
bolsas,0.0052687269449234,pulseiras
bolsas,0.005254478335380554,sandálias
bolsas,0.005236943930387497,universidades
bolsas,0.005166023463010787,moedas
bolsas,0.005144132584333419,sapatos
bolsas,0.005097487926483154,caixas
bolsas,0.005028559327125549,joias
bolsas,0.004963231235742569,estampas
bolsas,0.004961630463600158,sacos
beneficiários,0.011000001311302184,beneficiários
beneficiários,0.007479013323783874,beneficiados
beneficiários,0.006384655594825745,contribuintes
beneficiários,0.005965590298175811,dependentes
beneficiários,0.005946466267108917,aposentados
beneficiários,0.005897255063056946,desempregados
beneficiários,0.005820432424545287,trabalhadores
beneficiários,0.005712364077568054,agricultores
beneficiários,0.0056569681167602534,participantes
beneficiários,0.005622382521629333,gestores
beneficiários,0.005611737370491028,cidadãos
beneficiários,0.0055883489847183224,benefícios
beneficiários,0.00557854700088501,vinculados
beneficiários,0.005539926528930664,rendimentos
beneficiários,0.005500209808349609,empregados
beneficiários,0.005442535459995269,familiares
beneficiários,0.00544000169634819,municípios
beneficiários,0.005430037766695022,excluídos
beneficiários,0.005405927181243896,consumidores
beneficiários,0.005358276098966598,famílias
beneficiários,0.005335885286331176,privados
beneficiários,0.005328444957733154,vítimas
beneficiários,0.00532599937915802,potenciais
beneficiários,0.005321693062782287,beneficiar
beneficiários,0.0053211390376091,atendidos
beneficiários,0.00531840693950653,financiamentos
beneficiários,0.0052836121916770935,eleitores
beneficiários,0.005282797217369079,titulares
beneficiários,0.005258533209562302,funcionários
beneficiários,0.005250323802232742,indivíduos
beneficiários,0.005243357837200165,empresários
beneficiários,0.005240809977054596,residentes
beneficiários,0.0052375271320343015,contratados
beneficiários,0.005187725841999054,políticos
beneficiários,0.005180578589439392,herdeiros
beneficiários,0.00516951185464859,portadores
beneficiários,0.005162184298038482,benefício
beneficiários,0.005154597103595733,pagamentos
beneficiários,0.005121588349342346,pagos
beneficiários,0.005120525538921356,idosos
beneficiários,0.0051145519018173215,empreendedores
beneficiários,0.00507973027229309,parentes
beneficiários,0.005076970636844634,representantes
beneficiários,0.005055013537406921,empreendimentos
beneficiários,0.00505419659614563,clientes
beneficiários,0.005049938797950744,cadastrados
beneficiários,0.005047396838665008,concedidos
beneficiários,0.00504577213525772,agentes
beneficiários,0.005031625151634216,subsídios
beneficiários,0.005027167379856109,usuários
presencial,0.011,presencial
presencial,0.0057757366895675654,on-line
presencial,0.00569677597284317,EAD
presencial,0.005696023941040039,virtual
presencial,0.005441498547792434,online
presencial,0.005256972104310989,modalidade
programa,0.011,programa
programa,0.008655659198760986,Programa
programa,0.0076026166677474975,programas
programa,0.006626395463943481,apresentador
programa,0.006577061653137207,projeto
programa,0.005727294564247131,Programas
programa,0.0055876303911209105,sistema
programa,0.005486834853887557,seriado
programa,0.005456453621387481,projecto
programa,0.005446271032094955,pacote
programa,0.005420540004968643,apresentadora
programa,0.0054189438223838805,aplicativo
programa,0.0054030701816082,curso
programa,0.005393629789352416,plano
programa,0.005327394604682922,programação
programa,0.005321438670158386,quadro
programa,0.005299654990434647,canal
programa,0.005245875537395477,reality
programa,0.005217481255531311,Projeto
programa,0.0052146314680576325,PROGRAMA
programa,0.0051167473495006555,educativo
programa,0.005060127288103103,procedimento
programa,0.00501306465268135,processo
programa,0.005004846394062042,documentário
programa,0.004968445301055908,software
médio,0.011000001311302184,médio
médio,0.0072681913375854485,Médio
médio,0.006293395519256591,superior
médio,0.006088612079620361,porte
médio,0.005947992622852325,curto
médio,0.0058443210721015925,ensino
médio,0.005840492725372314,nível
médio,0.005641720294952393,prazo
médio,0.005625206410884857,intermediário
médio,0.005530171751976013,aproximado
médio,0.005402876108884811,médios
médio,0.0053915480971336366,básico
médio,0.005385708540678024,secundário
médio,0.005346530765295028,primário
médio,0.005275856167078018,mínimo
médio,0.005248779416084289,alto
médio,0.00523845225572586,fundamental
médio,0.005164798706769943,longo
médio,0.005121280193328857,rendimento
detalhamento,0.011,detalhamento
rede,0.010999999344348907,rede
rede,0.0077435062527656555,redes
rede,0.007136834263801574,Rede
rede,0.0062050701379776,internet
rede,0.00588594901561737,infra-estrutura
rede,0.005810320973396301,infraestrutura
rede,0.005763097047805785,conexão
rede,0.005655288994312286,malha
rede,0.005443874299526214,telefonia
rede,0.005426808685064315,pública
rede,0.005405680656433105,plataforma
rede,0.005405616402626037,computadores
rede,0.005365485966205597,wireless
rede,0.005333317428827285,Internet
rede,0.00528908360004425,comunicação
rede,0.0051684490442276,corporativa
rede,0.005164323687553406,comunidade
rede,0.005114369630813598,instituição
rede,0.0050949790775775905,distribuição
rede,0.005085367888212204,operadora
rede,0.005077404677867889,social
rede,0.00507586258649826,Redes
rede,0.0050436356961727135,privada
rede,0.005006595015525818,REDE
rede,0.004987406730651855,unidade
rede,0.004961256086826325,mídia
bolsa,0.097,bolsa
bolsa,0.0736626797914505,bolsas
bolsa,0.06865642952919007,Bolsa
bolsa,0.057389657735824585,mochila
bolsa,0.05639648002386093,carteira
bolsa,0.054633961200714114,Bolsas
bolsa,0.05307275944948196,mala
bolsa,0.049670038402080535,alça
bolsa,0.047633162915706635,carteiras
bolsa,0.045395109117031096,blusa
ensino,0.066,ensino
ensino,0.04593792629241943,Ensino
ensino,0.04422513484954834,educacional
ensino,0.043366614818573,educação
ensino,0.03988168895244599,escolas
ensino,0.038920372009277344,escolar
ensino,0.0382381421327591,pedagógico
ensino,0.03783335494995117,aprendizagem
ensino,0.037518319845199585,educacionais
ensino,0.03668544495105744,educativo
ensino,0.0366770932674408,escola
ensino,0.03640764427185059,curso
ensino,0.03622900557518006,universitário
ensino,0.03619045329093933,pedagogia
ensino,0.03549659872055054,alfabetização
ensino,0.03506593036651612,médio
ensino,0.03480593848228455,instituições
ensino,0.034673885107040406,pós-graduação
ensino,0.034646040916442876,aprendizado
ensino,0.034604400515556334,professores
ensino,0.03441031730175018,docente
ensino,0.034305856347084045,colégio
ensino,0.03419219398498535,alunos
ensino,0.034168456792831425,ciências
ensino,0.03383280408382416,fundamental
ensino,0.03359973192214966,curricular
ensino,0.03356641960144043,secundário
ensino,0.0335470883846283,estudantes
ensino,0.0334214472770691,didático
ensino,0.033403079867362975,aluno
ensino,0.03334204924106598,acadêmico
ensino,0.033281683444976805,universidades
ensino,0.033235766887664796,pedagógica
ensino,0.03316212022304535,escolares
ensino,0.03315753722190857,estudante
ensino,0.03301075530052185,superior
ensino,0.033004197478294375,cursos
ensino,0.03296357989311218,docentes
ensino,0.03281012606620789,professor
ensino,0.03271688461303711,matemática
ensino,0.0326578032374382,licenciatura
ensino,0.032255649805068974,pedagógicas
ensino,0.03217207199335098,disciplinas
ensino,0.031879454255104064,primário
ensino,0.03181068563461304,letivo
ensino,0.031792617201805116,aulas
ensino,0.031582524955272674,universidade
ensino,0.03150858128070831,graduação
ensino,0.03145495426654816,escolaridade
ensino,0.031306293904781346,instituição
nome,0.063,nome
nome,0.046422069668769834,sobrenome
nome,0.045009666681289674,apelido
nome,0.03730158430337906,Nome
nome,0.035776836454868316,endereço
nome,0.035514794826507566,título
nome,0.03551016479730606,nomes
nome,0.033930423617362974,pseudônimo
nome,0.03330059695243835,dado
nome,0.03216496682167053,titulo
nome,0.03213885390758514,logotipo
nome,0.03169510710239411,seu
nome,0.031484544038772586,próprio
nome,0.031229483127593993,genérico
nome,0.030631251811981203,derivado
nome,0.030580869734287263,termo
nome,0.030294692248106003,significado
nome,0.029866316914558412,fictício
nome,0.02974728798866272,cujo
nome,0.029702938467264177,rótulo
nome,0.029684807002544403,designação
nome,0.029522128880023958,atribuído
nome,0.02933077499270439,constar
nome,0.029329511404037476,símbolo
nome,0.02925784170627594,consta
nome,0.029253478288650513,denominação
nome,0.028784191220998765,atributo
nome,0.02876414841413498,chamado
nome,0.028564050793647766,homônimo
presencial,0.037,presencial
presencial,0.019427477955818177,on-line
presencial,0.019161882817745206,EAD
presencial,0.019159353256225586,virtual
presencial,0.018303222388029096,online
presencial,0.017682542532682418,modalidade
modalidade,0.037,modalidade
modalidade,0.027177580296993253,modalidades
modalidade,0.020262855172157288,competição
modalidade,0.020230365633964537,prática
modalidade,0.018939561486244202,vertente
modalidade,0.01870765560865402,desportiva
modalidade,0.018538558721542357,pratica
modalidade,0.018508570075035095,esporte
modalidade,0.01840921476483345,atividade
modalidade,0.01784638512134552,natação
modalidade,0.017734793305397033,esportiva
modalidade,0.017682542532682418,presencial
modalidade,0.017203866571187974,técnica
modalidade,0.017195939362049103,metodologia
modalidade,0.017026252537965775,atletismo
modalidade,0.016932388603687287,forma
modalidade,0.016918183803558348,categoria
modalidade,0.01687990736961365,etapa
modalidade,0.016684840023517607,praticada
modalidade,0.016666129648685454,praticantes
instituição,0.037,instituição
instituição,0.029542116045951843,Instituição
instituição,0.025534262895584105,entidade
instituição,0.025155296206474304,universidade
instituição,0.02287781751155853,organização
instituição,0.022192551136016845,escola
instituição,0.022190837562084197,fundação
instituição,0.022078981101512907,instituições
instituição,0.02175357186794281,corporação
instituição,0.02137002682685852,institucional
instituição,0.020471518635749815,universitária
instituição,0.020356107115745543,sociedade
instituição,0.01996495795249939,comunidade
instituição,0.01993313443660736,acadêmica
instituição,0.01989053988456726,empresa
instituição,0.019879464507102967,administração
instituição,0.019860679149627684,unidade
instituição,0.01977966260910034,diretoria
instituição,0.019714209377765655,igreja
instituição,0.019477195858955382,constituição
instituição,0.01938702481985092,financeira
instituição,0.01938658595085144,governamental
instituição,0.01921229100227356,Entidade
instituição,0.01907889026403427,educacional
instituição,0.01892500603199005,secretaria
instituição,0.018916987299919127,autarquia
instituição,0.018914248228073118,agência
instituição,0.018879736363887786,pública
instituição,0.01881814694404602,associação
instituição,0.01877930372953415,administrativa
instituição,0.018758734226226807,instituto
instituição,0.018720235049724577,Fundação
instituição,0.018641964197158814,congregação
instituição,0.018575644254684446,bancária
instituição,0.018521145105361937,vinculada
instituição,0.018504038035869596,disciplina
instituição,0.018432879507541657,cooperativa
instituição,0.018220667600631714,jurídica
instituição,0.01820183593034744,estrutura
instituição,0.018157752752304076,Igreja
instituição,0.01815355372428894,pedagógica
instituição,0.01814192259311676,estatal
instituição,0.018023817211389542,privada
instituição,0.017986503422260283,educação
instituição,0.017957793891429902,própria
instituição,0.017951164543628693,católica
instituição,0.017876319736242294,religiosa
instituição,0.017856772422790525,diretora
instituição,0.017844529300928114,biblioteca
instituição,0.017790985077619552,faculdade
prouni,0.036,prouni
faixa,0.033,faixa
faixa,0.024481845259666443,faixas
faixa,0.02170996356010437,Faixa
faixa,0.017006097078323366,etária
faixa,0.015955152958631515,canção
faixa,0.015372825622558595,trilha
faixa,0.015257103860378266,largura
faixa,0.015042391240596772,linha
faixa,0.014900711596012117,curva
faixa,0.014852647125720979,fita
sexo,0.033000003933906556,sexo
sexo,0.020309990465641022,Sexo
sexo,0.020289473176002503,sexual
sexo,0.019585394382476806,anal
sexo,0.01827936887741089,masculino
sexo,0.018143472075462342,sexuais
sexo,0.017912665843963622,pornô
sexo,0.01769582498073578,sexualidade
sexo,0.017524345993995667,feminino
sexo,0.0169599307179451,orgasmo
sexo,0.016875650703907015,homossexual
sexo,0.016684093058109285,pornografia
sexo,0.01659554672241211,sexos
sexo,0.015915881752967834,gay
sexo,0.015798167467117312,putaria
sexo,0.01563921993970871,casamento
sexo,0.015637604087591173,oral
sexo,0.015490860521793366,transando
sexo,0.015439768910408021,estupro
sexo,0.01528282079100609,porno
sexo,0.015110461592674256,amor
sexo,0.015109444677829743,gênero
sexo,0.015095231473445892,casal
sexo,0.015094789892435075,homem
sexo,0.01504248270392418,casais
sexo,0.01498754668235779,sexualmente
sexo,0.014959051430225374,namoro
sexo,0.014955278813838959,homossexuais
parcial,0.033,parcial
parcial,0.02093536949157715,parcialmente
parcial,0.01958687746524811,integral
parcial,0.019087058901786805,total
parcial,0.01845131206512451,parciais
parcial,0.017106415629386904,temporária
parcial,0.016008027613162994,integralmente
parcial,0.015887867420911788,completa
parcial,0.015651580274105074,totalidade
parcial,0.015326289474964143,temporário
parcial,0.015235307067632676,antecipada
parcial,0.014877543836832046,supressão
ensino,0.011,ensino
ensino,0.007656321048736572,Ensino
ensino,0.007370855808258056,educacional
ensino,0.007227769136428833,educação
ensino,0.006646948158740997,escolas
ensino,0.00648672866821289,escolar
ensino,0.006373023688793182,pedagógico
ensino,0.006305559158325195,aprendizagem
ensino,0.006253053307533264,educacionais
ensino,0.006114240825176239,educativo
ensino,0.006112848877906799,escola
ensino,0.006067940711975097,curso
ensino,0.006038167595863342,universitário
ensino,0.0060317422151565546,pedagogia
ensino,0.0059160997867584225,alfabetização
ensino,0.005844321727752685,médio
ensino,0.005800989747047424,instituições
ensino,0.0057789808511734,pós-graduação
ensino,0.0057743401527404785,aprendizado
ensino,0.005767400085926056,professores
ensino,0.00573505288362503,docente
ensino,0.005717642724514007,colégio
ensino,0.005698698997497558,alunos
ensino,0.005694742798805236,ciências
ensino,0.005638800680637359,fundamental
ensino,0.005599955320358276,curricular
ensino,0.0055944032669067376,secundário
ensino,0.005591181397438049,estudantes
ensino,0.005570241212844849,didático
ensino,0.005567179977893829,aluno
ensino,0.005557008206844329,acadêmico
ensino,0.0055469472408294675,universidades
ensino,0.005539294481277465,pedagógica
ensino,0.005527020037174224,escolares
ensino,0.0055262562036514275,estudante
ensino,0.005501792550086974,superior
ensino,0.005500699579715728,cursos
ensino,0.005493929982185363,docentes
ensino,0.00546835434436798,professor
ensino,0.005452814102172851,matemática
ensino,0.0054429672062397,licenciatura
ensino,0.005375941634178161,pedagógicas
ensino,0.00536201199889183,disciplinas
ensino,0.005313242375850677,primário
ensino,0.005301780939102173,letivo
ensino,0.0052987695336341855,aulas
ensino,0.005263754159212112,universidade
ensino,0.0052514302134513855,graduação
ensino,0.005242492377758026,escolaridade
ensino,0.00521771565079689,instituição
bolsa,0.011,bolsa
bolsa,0.00835349977016449,bolsas
bolsa,0.007785780668258666,Bolsa
bolsa,0.006508105516433715,mochila
bolsa,0.00639547711610794,carteira
bolsa,0.006195603847503662,Bolsas
bolsa,0.006018560349941253,mala
bolsa,0.005632684767246246,alça
bolsa,0.005401698887348175,carteiras
bolsa,0.005147898972034454,blusa
prouni,0.011,prouni
bolsas,0.011,bolsas
bolsas,0.008446309149265288,Bolsas
bolsas,0.008353500425815582,bolsa
bolsas,0.006523957848548889,carteiras
bolsas,0.005877931058406829,Bolsa
bolsas,0.005809604346752166,malas
bolsas,0.005533551633358002,roupas
bolsas,0.005444152623414993,almofadas
bolsas,0.005304257005453109,jóias
bolsas,0.0052687269449234,pulseiras
bolsas,0.005254478335380554,sandálias
bolsas,0.005236943930387497,universidades
bolsas,0.005166023463010787,moedas
bolsas,0.005144132584333419,sapatos
bolsas,0.005097487926483154,caixas
bolsas,0.005028559327125549,joias
bolsas,0.004963231235742569,estampas
bolsas,0.004961630463600158,sacos
médio,0.011000001311302184,médio
médio,0.0072681913375854485,Médio
médio,0.006293395519256591,superior
médio,0.006088612079620361,porte
médio,0.005947992622852325,curto
médio,0.0058443210721015925,ensino
médio,0.005840492725372314,nível
médio,0.005641720294952393,prazo
médio,0.005625206410884857,intermediário
médio,0.005530171751976013,aproximado
médio,0.005402876108884811,médios
médio,0.0053915480971336366,básico
médio,0.005385708540678024,secundário
médio,0.005346530765295028,primário
médio,0.005275856167078018,mínimo
médio,0.005248779416084289,alto
médio,0.00523845225572586,fundamental
médio,0.005164798706769943,longo
médio,0.005121280193328857,rendimento
beneficiários,0.011000001311302184,beneficiários
beneficiários,0.007479013323783874,beneficiados
beneficiários,0.006384655594825745,contribuintes
beneficiários,0.005965590298175811,dependentes
beneficiários,0.005946466267108917,aposentados
beneficiários,0.005897255063056946,desempregados
beneficiários,0.005820432424545287,trabalhadores
beneficiários,0.005712364077568054,agricultores
beneficiários,0.0056569681167602534,participantes
beneficiários,0.005622382521629333,gestores
beneficiários,0.005611737370491028,cidadãos
beneficiários,0.0055883489847183224,benefícios
beneficiários,0.00557854700088501,vinculados
beneficiários,0.005539926528930664,rendimentos
beneficiários,0.005500209808349609,empregados
beneficiários,0.005442535459995269,familiares
beneficiários,0.00544000169634819,municípios
beneficiários,0.005430037766695022,excluídos
beneficiários,0.005405927181243896,consumidores
beneficiários,0.005358276098966598,famílias
beneficiários,0.005335885286331176,privados
beneficiários,0.005328444957733154,vítimas
beneficiários,0.00532599937915802,potenciais
beneficiários,0.005321693062782287,beneficiar
beneficiários,0.0053211390376091,atendidos
beneficiários,0.00531840693950653,financiamentos
beneficiários,0.0052836121916770935,eleitores
beneficiários,0.005282797217369079,titulares
beneficiários,0.005258533209562302,funcionários
beneficiários,0.005250323802232742,indivíduos
beneficiários,0.005243357837200165,empresários
beneficiários,0.005240809977054596,residentes
beneficiários,0.0052375271320343015,contratados
beneficiários,0.005187725841999054,políticos
beneficiários,0.005180578589439392,herdeiros
beneficiários,0.00516951185464859,portadores
beneficiários,0.005162184298038482,benefício
beneficiários,0.005154597103595733,pagamentos
beneficiários,0.005121588349342346,pagos
beneficiários,0.005120525538921356,idosos
beneficiários,0.0051145519018173215,empreendedores
beneficiários,0.00507973027229309,parentes
beneficiários,0.005076970636844634,representantes
beneficiários,0.005055013537406921,empreendimentos
beneficiários,0.00505419659614563,clientes
beneficiários,0.005049938797950744,cadastrados
beneficiários,0.005047396838665008,concedidos
beneficiários,0.00504577213525772,agentes
beneficiários,0.005031625151634216,subsídios
beneficiários,0.005027167379856109,usuários
perfil,0.011,perfil
perfil,0.007153026223182678,perfis
perfil,0.0067907475233078,Perfil
perfil,0.005843868017196655,comportamento
perfil,0.005579631447792053,posicionamento
perfil,0.0054115080833435055,padrão
perfil,0.0052419849038124085,estilo
perfil,0.0051122125387191766,currículo
perfil,0.005093310445547104,conteúdo
perfil,0.005066779851913452,quadro
perfil,0.0050643978714942925,portfólio
perfil,0.005004131734371185,traçado
perfil,0.005002639144659042,modelo
perfil,0.004982075959444046,panorama
perfil,0.0049639206528663635,específico
programa,0.011,programa
programa,0.008655659198760986,Programa
programa,0.0076026166677474975,programas
programa,0.006626395463943481,apresentador
programa,0.006577061653137207,projeto
programa,0.005727294564247131,Programas
programa,0.0055876303911209105,sistema
programa,0.005486834853887557,seriado
programa,0.005456453621387481,projecto
programa,0.005446271032094955,pacote
programa,0.005420540004968643,apresentadora
programa,0.0054189438223838805,aplicativo
programa,0.0054030701816082,curso
programa,0.005393629789352416,plano
programa,0.005327394604682922,programação
programa,0.005321438670158386,quadro
programa,0.005299654990434647,canal
programa,0.005245875537395477,reality
programa,0.005217481255531311,Projeto
programa,0.0052146314680576325,PROGRAMA
programa,0.0051167473495006555,educativo
programa,0.005060127288103103,procedimento
programa,0.00501306465268135,processo
programa,0.005004846394062042,documentário
programa,0.004968445301055908,software
nome,0.011,nome
nome,0.008105440735816954,sobrenome
nome,0.00785883069038391,apelido
nome,0.0065129750370979305,Nome
nome,0.006246749222278594,endereço
nome,0.006200995922088622,título
nome,0.006200187504291534,nomes
nome,0.005924359679222106,pseudônimo
nome,0.005814389944076538,dado
nome,0.005616105318069458,titulo
nome,0.0056115459203720085,logotipo
nome,0.005534066319465637,seu
nome,0.005497301340103149,próprio
nome,0.005452766895294189,genérico
nome,0.005348313808441162,derivado
nome,0.005339516937732696,termo
nome,0.005289549440145492,significado
nome,0.0052147537469863885,fictício
nome,0.005193970918655395,cujo
nome,0.005186227351427078,rótulo
nome,0.0051830615401268,designação
nome,0.005154657423496246,atribuído
nome,0.005121246427297592,constar
nome,0.005121025800704956,símbolo
nome,0.005108512043952942,consta
nome,0.0051077501773834225,denominação
nome,0.005025811165571213,atributo
nome,0.005022311627864837,chamado
nome,0.004987373948097229,homônimo
instituição,0.011,instituição
instituição,0.008782791256904602,Instituição
instituição,0.007591267347335815,entidade
instituição,0.007478601574897765,universidade
instituição,0.006801513314247131,organização
instituição,0.006597785472869873,escola
instituição,0.006597276031970977,fundação
instituição,0.006564021408557891,instituições
instituição,0.006467278122901916,corporação
instituição,0.006353251218795776,institucional
instituição,0.006086127161979675,universitária
instituição,0.006051815629005431,sociedade
instituição,0.005935528039932251,comunidade
instituição,0.0059260669946670525,acadêmica
instituição,0.005913403749465942,empresa
instituição,0.00591011106967926,administração
instituição,0.005904526233673095,unidade
instituição,0.005880440235137939,diretoria
instituição,0.0058609811663627625,igreja
instituição,0.005790517687797546,constituição
instituição,0.0057637100815773005,financeira
instituição,0.005763579607009887,governamental
instituição,0.005711762189865112,Entidade
instituição,0.005672102510929107,educacional
instituição,0.005626353144645691,secretaria
instituição,0.005623969197273254,autarquia
instituição,0.0056231548786163325,agência
instituição,0.005612894594669342,pública
instituição,0.005594584226608276,associação
instituição,0.0055830362439155574,administrativa
instituição,0.005576920986175537,instituto
instituição,0.005565475285053253,Fundação
instituição,0.005542205572128296,congregação
instituição,0.005522488832473755,bancária
instituição,0.00550628638267517,vinculada
instituição,0.005501200497150421,disciplina
instituição,0.00548004525899887,cooperativa
instituição,0.005416955232620239,jurídica
instituição,0.005411356627941131,estrutura
instituição,0.005398250818252563,Igreja
instituição,0.005397002458572387,pedagógica
instituição,0.005393544554710388,estatal
instituição,0.00535843214392662,privada
instituição,0.00534733885526657,educação
instituição,0.005338803589344025,própria
instituição,0.005336832702159881,católica
instituição,0.005314581543207168,religiosa
instituição,0.005308770179748535,diretora
instituição,0.005305130332708358,biblioteca
instituição,0.00528921177983284,faculdade
bolsas,0.038,bolsas
bolsas,0.02917815887928009,Bolsas
bolsas,0.02885754692554474,bolsa
bolsas,0.022537308931350707,carteiras
bolsas,0.020305580019950868,Bolsa
bolsas,0.02006954228878021,malas
bolsas,0.01911590564250946,roupas
bolsas,0.018807072699069977,almofadas
bolsas,0.018323796927928925,jóias
bolsas,0.018201056718826294,pulseiras
bolsas,0.01815183424949646,sandálias
bolsas,0.018091260850429534,universidades
bolsas,0.017846262872219087,moedas
bolsas,0.017770639836788178,sapatos
bolsas,0.017609503746032713,caixas
bolsas,0.017371386766433714,joias
bolsas,0.01714570790529251,estampas
bolsas,0.017140177965164184,sacos
perfil,0.038,perfil
perfil,0.02471045422554016,perfis
perfil,0.023458945989608765,Perfil
perfil,0.020187907695770262,comportamento
perfil,0.01927509045600891,posicionamento
perfil,0.018694300651550293,padrão
perfil,0.018108675122261046,estilo
perfil,0.017660370588302613,currículo
perfil,0.017595072448253632,conteúdo
perfil,0.017503421306610107,quadro
perfil,0.017495192646980285,portfólio
perfil,0.01728700053691864,traçado
perfil,0.017281844317913055,modelo
perfil,0.017210807859897613,panorama
perfil,0.0171480895280838,específico
ensino,0.036,ensino
ensino,0.025057050704956053,Ensino
ensino,0.024122800827026364,educacional
ensino,0.023654517173767087,educação
ensino,0.02175364851951599,escolas
ensino,0.021229293823242186,escolar
ensino,0.020857168436050413,pedagógico
ensino,0.02063637542724609,aprendizagem
ensino,0.02046453809738159,educacionais
ensino,0.02001024270057678,educativo
ensino,0.020005687236785887,escola
ensino,0.019858715057373046,curso
ensino,0.019761275768280028,universitário
ensino,0.01974024724960327,pedagogia
ensino,0.019361781120300292,alfabetização
ensino,0.019126871109008788,médio
ensino,0.01898505735397339,instituições
ensino,0.018913028240203855,pós-graduação
ensino,0.01889784049987793,aprendizado
ensino,0.01887512755393982,professores
ensino,0.018769263982772826,docente
ensino,0.01871228528022766,colégio
ensino,0.018650287628173827,alunos
ensino,0.018637340068817138,ciências
ensino,0.018454256772994993,fundamental
ensino,0.01832712650299072,curricular
ensino,0.018308956146240233,secundário
ensino,0.01829841184616089,estudantes
ensino,0.018229880332946775,didático
ensino,0.01821986174583435,aluno
ensino,0.018186572313308714,acadêmico
ensino,0.018153645515441894,universidades
ensino,0.018128600120544434,pedagógica
ensino,0.01808842921257019,escolares
ensino,0.01808592939376831,estudante
ensino,0.01800586652755737,superior
ensino,0.01800228953361511,cursos
ensino,0.017980134487152098,docentes
ensino,0.017896432399749754,professor
ensino,0.017845573425292968,matemática
ensino,0.017813347220420835,licenciatura
ensino,0.01759399080276489,pedagógicas
ensino,0.01754840290546417,disciplinas
ensino,0.01738879323005676,primário
ensino,0.017351283073425292,letivo
ensino,0.01734142756462097,aulas
ensino,0.017226831793785095,universidade
ensino,0.017186498880386352,graduação
ensino,0.017157247781753537,escolaridade
ensino,0.017076160311698913,instituição
beneficiários,0.035000004172325135,beneficiários
beneficiários,0.023796860575675968,beneficiados
beneficiários,0.020314813256263733,contribuintes
beneficiários,0.018981423676013947,dependentes
beneficiários,0.018920574486255646,aposentados
beneficiários,0.01876399338245392,desempregados
beneficiários,0.018519557714462283,trabalhadores
beneficiários,0.018175703883171083,agricultores
beneficiários,0.01799944400787354,participantes
beneficiários,0.017889398932456974,gestores
beneficiários,0.01785552799701691,cidadãos
beneficiários,0.017781110405921938,benefícios
beneficiários,0.017749922275543215,vinculados
beneficiários,0.017627038955688477,rendimentos
beneficiários,0.017500667572021487,empregados
beneficiários,0.017317158281803132,familiares
beneficiários,0.017309096306562424,municípios
beneficiários,0.01727739289402962,excluídos
beneficiários,0.017200677394866946,consumidores
beneficiários,0.017049060314893724,famílias
beneficiários,0.016977816820144653,privados
beneficiários,0.016954143047332764,vítimas
beneficiários,0.016946361660957338,potenciais
beneficiários,0.01693265974521637,beneficiar
beneficiários,0.016930896937847138,atendidos
beneficiários,0.016922203898429872,financiamentos
beneficiários,0.01681149333715439,eleitores
beneficiários,0.016808900237083438,titulares
beneficiários,0.016731696575880053,funcionários
beneficiários,0.01670557573437691,indivíduos
beneficiários,0.016683411300182343,empresários
beneficiários,0.01667530447244644,residentes
beneficiários,0.01666485905647278,contratados
beneficiários,0.016506400406360627,políticos
beneficiários,0.01648365914821625,herdeiros
beneficiários,0.016448446810245515,portadores
beneficiários,0.016425131857395175,benefício
beneficiários,0.016400990784168245,pagamentos
beneficiários,0.016295962929725648,pagos
beneficiários,0.016292581260204317,idosos
beneficiários,0.016273574233055116,empreendedores
beneficiários,0.016162778139114382,parentes
beneficiários,0.016153997480869296,representantes
beneficiários,0.01608413398265839,empreendimentos
beneficiários,0.01608153462409973,clientes
beneficiários,0.016067987084388734,cadastrados
beneficiários,0.016059899032115937,concedidos
beneficiários,0.01605472952127457,agentes
beneficiários,0.016009716391563417,subsídios
beneficiários,0.01599553257226944,usuários
prouni,0.035,prouni
concedidas,0.033,concedidas
desempenhos,0.027,desempenhos
conjugando,0.026,conjugando
desse,0.026,desse
desse,0.021662494301795957,deste
desse,0.02046188223361969,daquele
desse,0.019257002234458923,esse
desse,0.01888758289813995,dessa
desse,0.017916678190231322,nesse
desse,0.017241331577301025,desses
desse,0.016883392572402952,tipo
desse,0.016354866504669188,este
desse,0.01618899369239807,primeiro
desse,0.01583186674118042,destes
desse,0.015549448728561401,Esse
desse,0.015483097434043884,último
desse,0.015468342542648315,mesmo
desse,0.015361687660217284,algum
desse,0.01535270857810974,outro
desse,0.015167255043983459,desta
desse,0.015153626799583434,dum
desse,0.015109379172325134,dele
desse,0.015074888586997985,neste
desse,0.015004830360412598,dessas
desse,0.014663338541984558,deles
desse,0.01452291989326477,dela
desse,0.01450949466228485,tal
desse,0.014477052807807922,daquela
desse,0.014326080560684204,seu
desse,0.014050819158554077,disso
desse,0.014036637663841247,todo
desse,0.014012925386428832,destas
desse,0.013979710221290588,nosso
desse,0.013889626502990722,referido
desse,0.013844834923744201,aquele
desse,0.013841011762619019,ultimo
desse,0.013822520494461059,novo
desse,0.013727500915527343,próprio
desse,0.013711786746978758,único
desse,0.01366997992992401,belo
desse,0.013631365537643433,naquele
desse,0.013575245499610901,nenhum
desse,0.013543256163597106,pequeno
desse,0.013470479726791381,Nesse
desse,0.013398650169372557,disto
desse,0.013341556906700134,determinado
desse,0.013320348978042603,suposto
desse,0.013309995293617248,magnífico
desse,0.013267223000526428,verdadeiro
desse,0.013236313819885253,momento
desse,0.013196437954902648,imenso
desse,0.013129807710647583,Desse
desse,0.01310568630695343,meu
enem,0.026,enem
prouni,0.043,prouni
detalhamento,0.024,detalhamento
selecionados,0.024,selecionados
selecionados,0.017392035484313964,escolhidos
selecionados,0.01574488162994385,selecionado
selecionados,0.015543966293334962,avaliados
selecionados,0.015044940948486329,selecionadas
selecionados,0.01501893424987793,analisados
selecionados,0.014860140323638917,premiados
selecionados,0.01399919557571411,apresentados
selecionados,0.013944931983947754,aprovados
selecionados,0.013889310836791992,indicados
selecionados,0.0138394775390625,classificados
selecionados,0.013572066307067872,desenvolvidos
selecionados,0.013567308425903321,incluídos
selecionados,0.01350439453125,enviados
selecionados,0.013461055755615235,convocados
selecionados,0.013438831329345704,selecionada
selecionados,0.013268377304077148,inseridos
selecionados,0.013267544746398926,inscritos
selecionados,0.013236100673675538,submetidos
selecionados,0.013160161972045899,coletados
selecionados,0.013105638027191162,listados
selecionados,0.013095163822174072,produzidos
selecionados,0.01307376766204834,disponibilizados
selecionados,0.013027689456939698,utilizados
selecionados,0.01301938247680664,considerados
selecionados,0.01300484848022461,cadastrados
selecionados,0.012849040031433105,solicitados
selecionados,0.012836151123046875,publicados
selecionados,0.012751676559448243,excluídos
selecionados,0.012741881847381592,selecionar
selecionados,0.012735116958618163,adicionados
selecionados,0.012718457221984864,identificados
selecionados,0.012703010559082031,estudados
selecionados,0.012609001636505128,destacados
selecionados,0.01260675573348999,oferecidos
selecionados,0.012602150917053223,nomeados
selecionados,0.012539219856262208,definidos
selecionados,0.012513234615325927,anunciados
selecionados,0.0124005446434021,contratados
selecionados,0.012375720977783203,elaborados
selecionados,0.012372349262237549,finalistas
selecionados,0.012363819122314454,escolhidas
selecionados,0.012283206939697266,criados
selecionados,0.0122721905708313,realizados
selecionados,0.012259082794189453,mencionados
selecionados,0.012230069160461427,exibidos
selecionados,0.012185610294342042,divulgados
selecionados,0.012176977157592774,lançados
selecionados,0.01212669038772583,colocados
selecionados,0.012119472026824951,divididos
salários,0.023999998569488527,salários
salários,0.018618699073791503,salário
salários,0.01588240385055542,remuneração
salários,0.015480440139770507,salarial
salários,0.014484100341796875,rendimentos
salários,0.013942005157470704,cargos
salários,0.013227267265319824,subsídios
salários,0.013116703033447266,empregos
salários,0.012917195320129395,gastos
salários,0.012689303398132325,pagos
salários,0.012641544342041016,aumentos
salários,0.012573200225830078,custos
salários,0.012489057540893555,impostos
salários,0.012402023792266846,preços
salários,0.012355283260345459,trabalhadores
salários,0.01227706289291382,pagamentos
salários,0.012266421318054199,encargos
salários,0.012189193725585938,trabalhistas
salários,0.012107139587402343,ganhos
salários,0.012016123294830322,percentuais
salários,0.011973957538604736,reajuste
salários,0.01190535306930542,pagamento
salários,0.011889787673950195,desemprego
salários,0.011857179164886475,Salário
salários,0.011747313737869263,lucros
salários,0.011728998899459839,vencimento
salários,0.011653789043426514,pensões
salários,0.01164414882659912,orçamentos
salários,0.011621197700500489,descontos
salários,0.011608023405075073,funcionários
salários,0.011590823650360108,benefícios
salários,0.011590620517730714,servidores
salários,0.01151345157623291,verbas
salários,0.011505379915237427,baixos
salários,0.011438786745071412,mínimos
salários,0.011403993129730224,níveis
salários,0.011382088422775268,altos
salários,0.01130370283126831,aposentados
salários,0.011267240524291993,atrasados
salários,0.011187553882598877,investimentos
salários,0.011112031459808349,desempregados
salários,0.011104644298553467,sindicatos
salários,0.011076948165893555,subsídio
salários,0.011045452594757081,bancários
salários,0.011043926239013672,empregados
salários,0.010962168216705322,efetivos
salários,0.010900795698165894,valores
salários,0.010862211227416992,contratados
máxima,0.023999998569488527,máxima
máxima,0.016883432865142822,mínima
máxima,0.013266832351684571,velocidade
máxima,0.01286486291885376,capacidade
máxima,0.012811121463775634,eficiência
máxima,0.012774285793304443,elevada
máxima,0.012622653007507324,amplitude
máxima,0.01257998514175415,potência
máxima,0.012530784130096435,média
máxima,0.012439590454101562,máximo
máxima,0.012271525382995606,precisão
máxima,0.01224354887008667,intensidade
máxima,0.012061720848083496,aproximada
máxima,0.012036756992340088,maior
máxima,0.012029595851898193,absoluta
máxima,0.011956809997558594,alta
máxima,0.011909864902496339,relativa
máxima,0.011832990646362306,necessária
máxima,0.011651578187942505,prioridade
máxima,0.011612297773361206,profundidade
máxima,0.011600530385971069,exigida
máxima,0.011579103469848633,garantida
máxima,0.011475872755050659,grandeza
máxima,0.011316608905792237,força
máxima,0.01126904010772705,extrema
máxima,0.011260997772216797,certa
máxima,0.011258204698562622,efetiva
máxima,0.01119843578338623,quantidade
máxima,0.011167448043823242,eficácia
máxima,0.011149085283279419,dimensão
máxima,0.01112601900100708,ordem
máxima,0.011118784189224244,limite
máxima,0.011054715156555176,taxa
máxima,0.011007060527801513,excessiva
máxima,0.0110003399848938,tolerância
máxima,0.010993306159973145,vazão
máxima,0.010949734210968018,térmica
máxima,0.010913915634155273,extraordinária
máxima,0.0109073224067688,freqüência
máxima,0.010906651496887207,mínimo
máxima,0.010896090745925903,carga
máxima,0.010828348875045777,Velocidade
mínimos,0.024,mínimos
mínimos,0.014599183559417726,básicos
mínimos,0.014040774822235107,detalhes
mínimos,0.013564656257629395,requisitos
mínimos,0.013353256702423096,mínimo
mínimos,0.012965136051177979,específicos
mínimos,0.012940054893493652,pormenores
mínimos,0.012928330421447753,significativos
mínimos,0.012812810897827149,exigidos
mínimos,0.012753546237945557,mínimas
mínimos,0.012743611335754395,necessários
mínimos,0.01257594394683838,níveis
mínimos,0.012570071697235107,precisos
mínimos,0.012509090423583984,parâmetros
mínimos,0.012395979881286621,percentuais
mínimos,0.01213002347946167,padrões
mínimos,0.012102444648742676,médios
mínimos,0.012059260368347167,adequados
mínimos,0.011992202281951905,históricos
mínimos,0.011926396608352662,critérios
mínimos,0.01186890435218811,elevados
mínimos,0.011862294673919678,limites
mínimos,0.011797991752624512,valores
mínimos,0.011754745960235596,índices
mínimos,0.011682183265686036,prazos
mínimos,0.01160897970199585,estabelecidos
mínimos,0.011607647895812988,essenciais
mínimos,0.011602749824523926,diferenciados
mínimos,0.011438786029815674,salários
mínimos,0.011373918056488037,determinados
mínimos,0.011339766025543213,altos
mínimos,0.011335134744644166,previstos
mínimos,0.011331148624420166,amplos
mínimos,0.011322081327438355,perfeitos
mínimos,0.01130156135559082,contornos
mínimos,0.01129891562461853,fixos
mínimos,0.011281509876251221,aspectos
mínimos,0.011231477737426759,aumentos
mínimos,0.011205777168273926,relativos
mínimos,0.011197268486022949,pressupostos
mínimos,0.011180107355117798,únicos
mínimos,0.011174234390258789,diários
mínimos,0.011166086196899414,observados
mínimos,0.01111535382270813,suficientes
mínimos,0.011100823402404786,quadrados
mínimos,0.011086448192596436,fantásticos
mínimos,0.011070546627044677,definidos
mínimos,0.01103968334197998,exclusivos
mínimos,0.011026710033416749,práticos
mínimos,0.011011676788330078,baixos
obtidas,0.024,obtidas
obtidas,0.01701382398605347,fornecidas
obtidas,0.016431155204772948,obtidos
obtidas,0.015793410301208496,feitas
obtidas,0.015585960388183594,realizadas
obtidas,0.015432250499725342,obtida
obtidas,0.015279868125915528,recebidas
obtidas,0.015087621688842773,geradas
obtidas,0.01501635503768921,encontradas
obtidas,0.014944579124450684,divulgadas
obtidas,0.01489057731628418,utilizadas
obtidas,0.014522529602050782,analisadas
obtidas,0.01448738193511963,apresentadas
obtidas,0.014413018226623536,efetuadas
obtidas,0.014222256660461426,tiradas
obtidas,0.01417362928390503,obtido
obtidas,0.014172743797302247,retiradas
obtidas,0.013902969360351562,oferecidas
obtidas,0.013805830478668213,avaliadas
obtidas,0.013649322509765626,identificadas
obtidas,0.013619087219238282,produzidas
obtidas,0.013577284812927247,publicadas
obtidas,0.013507531642913819,detalhadas
obtidas,0.013459553718566894,observadas
obtidas,0.013443809509277344,aplicadas
obtidas,0.013362590789794923,mantidas
obtidas,0.01334093713760376,enviadas
obtidas,0.013315033435821534,informações
obtidas,0.01324083137512207,contidas
obtidas,0.013094128131866455,elaboradas
obtidas,0.013085494995117188,usadas
obtidas,0.013046440601348876,registradas
obtidas,0.012924623966217042,estabelecidas
obtidas,0.012801395416259766,colocadas
obtidas,0.012777530193328857,dadas
obtidas,0.012689558029174805,representadas
obtidas,0.01261260223388672,consideradas
obtidas,0.012428469657897949,desenvolvidas
obtidas,0.012406614303588867,atribuídas
obtidas,0.012405877590179444,baseadas
obtidas,0.012362102508544923,indicadas
obtidas,0.012340899467468263,definidas
obtidas,0.012206007957458496,citadas
obtidas,0.012168365478515625,requeridas
obtidas,0.012122663497924804,acompanhadas
obtidas,0.012119776725769043,relativas
obtidas,0.012040772438049317,coletados
obtidas,0.012016425132751465,escolhidas
obtidas,0.011949422836303712,criadas
obtidas,0.011940261840820313,gravadas
informatizado,0.024,informatizado
processo,0.024,processo
processo,0.016453313827514648,procedimento
processo,0.015943811416625975,processos
processo,0.015599750518798828,Processo
processo,0.013619480609893798,desenvolvimento
processo,0.013617868423461915,julgamento
processo,0.013511126518249513,ciclo
processo,0.013421803951263429,mecanismo
processo,0.013116210937500001,projeto
processo,0.013053683280944825,contínuo
processo,0.013035701751708985,seletivo
processo,0.013028177261352539,sistema
processo,0.012881033420562744,andamento
processo,0.012834816455841065,amadurecimento
processo,0.012825140476226807,processamento
processo,0.012806229114532471,ato
processo,0.012784458160400391,planejamento
processo,0.012583986282348632,aprendizado
processo,0.012502621650695801,administrativo
processo,0.012495363235473633,acompanhamento
processo,0.012425291061401368,momento
processo,0.012262184143066407,inquérito
processo,0.012240275859832764,entendimento
processo,0.012183059692382812,envolvimento
processo,0.012178765296936036,desenrolar
processo,0.012069481372833252,trabalho
processo,0.012026179790496826,etapas
processo,0.011974515438079834,método
processo,0.011931532859802247,fluxo
processo,0.011904630661010742,contexto
processo,0.011889728307724,recurso
processo,0.011806619167327882,estágio
processo,0.011722645998001099,movimento
processo,0.01170644760131836,acelerado
processo,0.011686933279037475,passo
processo,0.011649767875671386,fase
processo,0.011601264953613282,início
processo,0.011600379467010499,aprimoramento
processo,0.011596063613891601,curso
processo,0.011591548204421997,acelerar
processo,0.011545645236968995,tramitação
processo,0.01153373408317566,produtivo
processo,0.011521312236785888,transição
processo,0.011519180774688722,negócio
processo,0.011494269847869873,percurso
processo,0.01149364471435547,gerenciamento
processo,0.01147968864440918,processual
processo,0.011473317861557007,complexo
processo,0.011463355779647827,desse
processo,0.011463316440582275,avanço
seleção,0.023999998569488527,seleção
seleção,0.018645379543304443,Seleção
seleção,0.017856651306152344,selecção
seleção,0.014434019565582277,seleções
seleção,0.013069300174713135,escolha
seleção,0.012879941940307617,convocação
seleção,0.012873438835144043,seletiva
seleção,0.012039496421813966,seletivo
seleção,0.011834530591964721,contratação
seleção,0.011832106590270995,selecionada
seleção,0.011791677474975587,selecionado
seleção,0.011703473567962646,classificação
seleção,0.01151310396194458,selecionados
seleção,0.011491719961166382,recrutamento
seleção,0.011476061582565308,selecionar
seleção,0.011369639396667481,competição
seleção,0.011172960519790649,listagem
seleção,0.010969545364379883,análise
seleção,0.01093541193008423,lista
seleção,0.010900996685028076,avaliação
seleção,0.010891859292984009,seleciona
seleção,0.010825087308883668,qualificação
integrais,0.041,integrais
ensino,0.041,ensino
ensino,0.02853719663619995,Ensino
ensino,0.02747318983078003,educacional
ensino,0.026939866781234743,educação
ensino,0.02477498859167099,escolas
ensino,0.024177806854248047,escolar
ensino,0.023753997385501862,pedagógico
ensino,0.023502538681030274,aprendizagem
ensino,0.02330683505535126,educacionais
ensino,0.022789443075656893,educativo
ensino,0.02278425490856171,escola
ensino,0.022616869926452638,curso
ensino,0.022505897402763368,universitário
ensino,0.022481948256492617,pedagogia
ensino,0.022050917387008668,alfabetização
ensino,0.02178338098526001,médio
ensino,0.021621870875358582,instituições
ensino,0.02153983771800995,pós-graduação
ensino,0.021522540569305422,aprendizado
ensino,0.02149667304754257,professores
ensino,0.02137610620260239,docente
ensino,0.021311213791370392,colégio
ensino,0.02124060535430908,alunos
ensino,0.02122585952281952,ciências
ensino,0.021017347991466522,fundamental
ensino,0.020872560739517213,curricular
ensino,0.020851866722106933,secundário
ensino,0.020839857935905457,estudantes
ensino,0.020761808156967165,didático
ensino,0.020750398099422456,aluno
ensino,0.020712485134601593,acadêmico
ensino,0.020674985170364382,universidades
ensino,0.020646461248397828,pedagógica
ensino,0.020600711047649385,escolares
ensino,0.020597864031791688,estudante
ensino,0.020506681323051452,superior
ensino,0.02050260752439499,cursos
ensino,0.02047737538814545,docentes
ensino,0.02038204801082611,professor
ensino,0.02032412528991699,matemática
ensino,0.020287423223257064,licenciatura
ensino,0.02003760063648224,pedagógicas
ensino,0.01998568108677864,disciplinas
ensino,0.01980390340089798,primário
ensino,0.01976118350028992,letivo
ensino,0.01974995917081833,aulas
ensino,0.019619447320699694,universidade
ensino,0.019573512613773346,graduação
ensino,0.019540198862552642,escolaridade
ensino,0.01944784924387932,instituição
instituições,0.041,instituições
instituições,0.03296842408180237,Instituições
instituições,0.030775478959083558,universidades
instituições,0.030773604571819307,entidades
instituições,0.0294500892162323,organizações
instituições,0.028270588874816895,empresas
instituições,0.027432515382766726,escolas
instituições,0.026759844958782197,associações
instituições,0.026095087528228762,agências
instituições,0.026041632056236268,sociedades
instituições,0.026035317301750183,autoridades
instituições,0.02587573289871216,comunidades
instituições,0.025823078989982606,corporações
instituições,0.025792529165744784,ONGs
instituições,0.025728694915771486,Universidades
instituições,0.025496974706649782,públicas
instituições,0.025423641443252563,privadas
instituições,0.025247309744358064,estatais
instituições,0.025131041526794434,faculdades
instituições,0.025114106059074402,governamentais
instituições,0.024465897977352144,instituição
instituições,0.023912704467773438,bibliotecas
instituições,0.02384657061100006,instâncias
instituições,0.023823076009750366,financeiras
instituições,0.023696514546871186,pessoas
instituições,0.023610097229480743,institucionais
instituições,0.02348238718509674,estruturas
instituições,0.023402335941791537,igrejas
instituições,0.02338565218448639,políticas
instituições,0.02327368748188019,institutos
instituições,0.02323989474773407,indústrias
instituições,0.02322218704223633,companhias
instituições,0.023121708154678344,fundações
instituições,0.02311689877510071,educacionais
instituições,0.022967451214790345,prefeituras
instituições,0.02296637350320816,cooperativas
instituições,0.022686657249927522,iniciativas
instituições,0.022598861634731293,jurídicas
instituições,0.022551948189735414,personalidades
instituições,0.02253730010986328,Entidades
instituições,0.022475655496120454,famílias
instituições,0.02243611741065979,lideranças
instituições,0.022357637524604797,governos
instituições,0.022258742213249208,Escolas
instituições,0.02222832190990448,unidades
instituições,0.022192224681377413,relações
instituições,0.022166647970676422,Igrejas
instituições,0.022098796129226685,parcerias
instituições,0.021990233182907104,bancárias
instituições,0.021904243528842928,secretarias
rede,0.04099999755620957,rede
rede,0.028862159669399264,redes
rede,0.026600927710533143,Rede
rede,0.023127988696098327,internet
rede,0.021938537240028384,infra-estrutura
rede,0.02165665090084076,infraestrutura
rede,0.021480634450912476,conexão
rede,0.021078804433345796,malha
rede,0.020290804207324983,telefonia
rede,0.020227196007966994,pública
rede,0.020148446083068847,plataforma
rede,0.02014820659160614,computadores
rede,0.01999862951040268,wireless
rede,0.019878728598356248,Internet
rede,0.01971385705471039,comunicação
rede,0.01926421916484833,corporativa
rede,0.01924884283542633,comunidade
rede,0.019062650442123415,instituição
rede,0.01899037656188011,distribuição
rede,0.018954553037881853,operadora
rede,0.018924871981143954,social
rede,0.01891912418603897,Redes
rede,0.018799005776643753,privada
rede,0.018660945057868958,REDE
rede,0.018589425086975097,unidade
rede,0.018491954505443574,mídia
programa,0.041,programa
programa,0.03226200246810913,Programa
programa,0.02833702576160431,programas
programa,0.02469838309288025,apresentador
programa,0.02451450252532959,projeto
programa,0.02134718883037567,Programas
programa,0.020826622366905214,sistema
programa,0.020450929909944536,seriado
programa,0.02033769077062607,projecto
programa,0.020299737483263018,pacote
programa,0.020203830927610397,apresentadora
programa,0.020197881519794465,aplicativo
programa,0.020138716131448745,curso
programa,0.02010352921485901,plano
programa,0.01985665261745453,programação
programa,0.019834453225135804,quadro
programa,0.019753259509801866,canal
programa,0.019552808821201324,reality
programa,0.019446975588798522,Projeto
programa,0.019436353653669358,PROGRAMA
programa,0.01907151284813881,educativo
programa,0.018860474437475204,procedimento
programa,0.018685059159994126,processo
programa,0.018654427468776703,documentário
programa,0.018518750667572022,software
prouni,0.022,prouni
estudantes,0.022,estudantes
estudantes,0.01805226969718933,alunos
estudantes,0.017001706838607786,universitários
estudantes,0.016949930071830748,professores
estudantes,0.015882318973541257,Estudantes
estudantes,0.015551970481872558,docentes
estudantes,0.01512795829772949,jovens
estudantes,0.014409157514572142,estudante
estudantes,0.014074139475822449,educadores
estudantes,0.013939890980720519,acadêmicos
estudantes,0.013891100049018858,Alunos
estudantes,0.013611675977706909,profissionais
estudantes,0.013384229302406311,pesquisadores
estudantes,0.013317508935928344,Professores
estudantes,0.01327401828765869,participantes
estudantes,0.013124862909317015,estudantil
estudantes,0.012885015249252318,cidadãos
estudantes,0.012688146829605102,trabalhadores
estudantes,0.012649232625961303,colegas
estudantes,0.012566388487815857,adolescentes
estudantes,0.012532040238380431,universidades
estudantes,0.01247773003578186,professoras
estudantes,0.012466821312904356,residentes
estudantes,0.012371170997619628,jornalistas
estudantes,0.012224416613578796,militantes
estudantes,0.012039048314094542,universidade
estudantes,0.012003430724143982,empresários
estudantes,0.01195203685760498,funcionários
estudantes,0.011930017471313475,ativistas
estudantes,0.011880333542823791,empreendedores
estudantes,0.011849962472915648,escolas
estudantes,0.011800127744674682,investigadores
estudantes,0.011674271583557128,gestores
estudantes,0.011605534434318542,pais
estudantes,0.011571613669395447,moradores
estudantes,0.01155053973197937,idosos
estudantes,0.011503054857254027,visitantes
estudantes,0.0114955974817276,brasileiros
estudantes,0.01149010705947876,escolares
estudantes,0.011425975203514098,motoristas
estudantes,0.011401877403259276,rapazes
estudantes,0.011361609935760497,usuários
estudantes,0.011341552257537841,candidatos
estudantes,0.011335294723510742,escritores
estudantes,0.011325360298156738,voluntários
estudantes,0.01129745054244995,atletas
estudantes,0.011240890145301817,garotos
estudantes,0.011235606908798218,estrangeiros
estudantes,0.011225869178771972,turistas
estudantes,0.011185866594314574,artistas
concessão,0.022,concessão
concessão,0.015134968519210815,concessões
concessão,0.013159465551376343,conceder
concessão,0.012454957962036132,prorrogação
concessão,0.011923577666282653,obtenção
concessão,0.011735446453094482,licença
concessão,0.011731887578964232,concedida
concessão,0.011718765377998352,autorização
concessão,0.011580407261848448,atribuição
concessão,0.011546258330345152,renovação
concessão,0.011540172576904296,ampliação
concessão,0.011491806507110595,licitação
concessão,0.01143352174758911,aquisição
concessão,0.011406967878341674,concedidos
concessão,0.011349427938461302,isenção
concessão,0.011253894329071045,privatização
concessão,0.011149833321571349,permissão
concessão,0.011133443355560301,regularização
concessão,0.011011645674705505,contratos
concessão,0.010964530587196349,exploração
concessão,0.010851119339466095,concede
concessão,0.010814709722995757,licenças
concessão,0.010786054491996764,solicitação
concessão,0.010727948069572448,implantação
concessão,0.010672115445137024,subsídio
concessão,0.01064351987838745,licenciamento
concessão,0.010593129813671111,emissão
concessão,0.010546132087707518,transferência
concessão,0.01047473692893982,anulação
concessão,0.010474573016166687,arrendamento
concessão,0.010446077108383179,concedido
concessão,0.010433099150657653,subsídios
concessão,0.010383290648460388,financiamentos
concessão,0.010253416657447815,contratação
concessão,0.010224490642547606,cassação
concessão,0.010201923131942748,concessionária
concessão,0.010169000267982483,benefício
concessão,0.010102749347686768,concedeu
concessão,0.010100566029548645,liberação
concessão,0.010098787248134613,monopólio
concessão,0.010097809016704559,prestação
concessão,0.010023369669914245,contrato
concessão,0.010004054188728332,regulamentação
concessão,0.009985946416854859,financiamento
concessão,0.00996172797679901,aposentadoria
concessão,0.009955054104328155,obrigatoriedade
concessão,0.009936030387878417,antecipação
concessão,0.009901747047901152,remuneração
pública,0.022,pública
pública,0.01577625823020935,privada
pública,0.014632543087005614,Pública
pública,0.013486643314361571,públicas
pública,0.01292687726020813,política
pública,0.012737689137458801,municipal
pública,0.012717556715011596,comunitária
pública,0.012536564230918883,governamental
pública,0.012253260016441345,primária
pública,0.01225262403488159,corporativa
pública,0.012167378902435301,estatal
pública,0.011989057540893555,público
pública,0.011954447031021118,jurídica
pública,0.011837699174880981,universitária
pública,0.011789464235305785,federal
pública,0.011762746453285216,educação
pública,0.01172431480884552,administração
pública,0.011695737600326538,saúde
pública,0.011679425001144408,democrática
pública,0.011640230178833007,educativa
pública,0.011622974753379822,básica
pública,0.011620245933532714,administrativa
pública,0.011605952739715576,secundária
pública,0.011479131460189819,publica
pública,0.011438446998596192,privadas
pública,0.011333245158195495,públicos
pública,0.011293889045715332,social
pública,0.011287691831588745,particular
pública,0.011269139528274536,estadual
pública,0.011225787878036499,instituição
pública,0.01122202181816101,civil
pública,0.0112137553691864,externa
pública,0.011127040266990662,sociedade
pública,0.011124148845672607,universidade
pública,0.011094252467155456,sanitária
pública,0.010978970646858214,acadêmica
pública,0.010963538587093353,nacional
pública,0.010911439895629883,urbana
pública,0.010894423127174377,legislativa
pública,0.010879125475883484,institucional
pública,0.010853616714477538,rede
pública,0.010829221248626708,coletiva
pública,0.01079186487197876,interna
pública,0.010769098043441772,privado
pública,0.010748895466327667,religiosa
pública,0.010684138774871826,escola
pública,0.010655930042266845,brasileira
pública,0.010648791313171386,efetiva
pública,0.010533198714256287,educacional
pública,0.0103818678855896,televisiva
condição,0.02200000262260437,condição
condição,0.014016611337661742,situação
condição,0.01328719425201416,circunstância
condição,0.012993614673614502,impossibilidade
condição,0.012549873948097229,incapacidade
condição,0.012408267736434936,exigência
condição,0.012318294048309326,existência
condição,0.012284984350204467,função
condição,0.012130030393600463,característica
condição,0.012074901938438415,posição
condição,0.01205982196331024,necessidade
condição,0.011962630867958068,limitação
condição,0.011895134210586546,possibilidade
condição,0.011727296710014342,fragilidade
condição,0.011699747562408446,dimensão
condição,0.011597952485084533,prioridade
condição,0.011583625197410583,aptidão
condição,0.011435871601104736,pessoa
condição,0.011428224086761474,necessária
condição,0.011409646868705749,obrigação
condição,0.01140408170223236,perspectiva
condição,0.011381056547164916,hipótese
condição,0.011330909729003906,dignidade
condição,0.011251405477523803,inexistência
condição,0.011249053001403808,dificuldade
condição,0.01119973623752594,sua
condição,0.011165001153945923,restrição
condição,0.011115546703338622,verdadeira
condição,0.011114736318588257,única
condição,0.011109061002731322,capacidade
condição,0.011020662188529968,inerente
condição,0.010915921926498413,vulnerabilidade
condição,0.010898037075996398,aparência
condição,0.010895023047924042,virtude
condição,0.010891022264957428,permanência
condição,0.010862860083580016,realidade
condição,0.010859926044940947,dependência
condição,0.010836125254631042,oportunidade
condição,0.010831870079040526,deficiência
condição,0.010805335879325867,qualificação
condição,0.010772086501121521,determinada
condição,0.010771342992782592,conseqüência
condição,0.01074155282974243,condições
condição,0.010687849760055542,consequência
condição,0.010677679300308227,efetiva
condição,0.010662677347660065,importância
condição,0.010657480001449584,própria
condição,0.010615305244922638,ausência
condição,0.01060865956544876,mera
condição,0.010591827034950256,percepção
